FirstName,LastName,AddressLine1,City,StateProvinceCode,PostalCode
Ben,Miller,101 Candy Rd.,Redmond,WA,98052
Garrett,Vargas,10203 Acorn Avenue,Calgary,AB,T2P 2G8
Gabe,Mares,1061 Buskirk Avenue,Edmonds,WA,98020
Reuben,D'sa,1064 Slow Creek Road,Seattle,WA,98104
Gordon,Hee,108 Lakeside Court,Bellevue,WA,98004
Karan,Khanna,1102 Ravenwood,Seattle,WA,98104
Fran√ßois,Ajenstat,1144 Paradise Ct.,Issaquah,WA,98027
Sariya,Hampadoungsataya,1185 Dallas Drive,Everett,WA,98201
Kirk,Koenigsbauer,1220 Bradford Way,Seattle,WA,98104
Kim,Ralls,1226 Shoe St.,Bothell,WA,98011
