user_id,name,email,address,signup_date
1,Alvin Harris,liueduardo@martin.com,"97044 Mary Ferry Apt. 320, West Michaelhaven, ND 26795",2023-10-18
2,Scott Nash,floreslaura@yahoo.com,"3516 Catherine Mall Apt. 659, Nixonland, CT 14152",2024-11-20
3,Edward Thompson,jasonhuang@gmail.com,"2140 Davis Crossroad, East Laura, ME 30038",2024-06-24
4,Cesar Woodard,zbailey@alvarez.biz,"PSC 1105, Box 1259, APO AA 95765",2023-06-28
5,Michelle Perkins,pmanning@munoz.com,"26951 Wong Drives Suite 311, Bellmouth, UT 44358",2025-01-12
6,Michael Bartlett,aboyle@jackson.com,"51943 Katherine Hollow, Kennethfurt, WA 63763",2024-07-26
7,Samantha Calderon,haleycindy@hotmail.com,"5216 Jackson Rest Suite 038, Lake Zacharyborough, ND 68607",2024-04-07
8,Nicole Collins,peter18@newton-ramirez.biz,"8187 Dean Turnpike Suite 674, New Kayla, SC 66913",2024-11-17
9,Joseph Bruce,courtneyescobar@rhodes.info,"4900 Johnson Overpass, Beverlyburgh, KY 24925",2024-04-28
10,Michael Webb,anthony95@perez-thomas.com,"010 Morgan Track, Port Maryside, NH 01985",2024-01-04
11,Jake Lee,joneselaine@williams.com,"4956 Hampton Land, Kellyhaven, ND 35422",2024-06-25
12,Mariah Forbes,andrea58@hotmail.com,"7157 Hines Spurs Apt. 190, North Monicashire, MI 63159",2025-04-08
13,Tara Wyatt,paul90@gordon.com,"92845 Castro Fort, Fergusonview, TX 30636",2025-03-05
14,Wanda Lopez,pgreen@levy-lewis.com,"45748 Wood Falls Apt. 649, Valerieview, NE 93046",2023-11-11
15,Courtney Lawrence,moorechristopher@reed.info,"90105 Gomez Mission, Lake Tashatown, WY 77448",2024-01-04
16,David Berry,jose27@yahoo.com,"4322 Morrison Burg Apt. 962, Woodberg, OK 29565",2024-04-20
17,Briana Bond,warnermason@gmail.com,"61817 Oneill Junctions, New Michelle, NJ 52352",2023-09-26
18,Leslie Greer,adam65@lewis.net,"09354 Michelle Vista, East Shari, SC 16551",2024-06-27
19,Joseph Acosta,nicholasbird@thornton.com,"548 Emily Pines, Griffithmouth, ND 24517",2024-01-17
20,Christina Davis MD,brandon99@hotmail.com,"9620 Walker Tunnel Apt. 892, Lake Mariaport, TN 61315",2024-12-18
21,Hailey Robinson,kellykevin@palmer-waters.com,"766 James Shore, East Sarah, AZ 16216",2024-04-09
22,Jessica Middleton,juanramirez@hotmail.com,"5739 Ronald Mountains Apt. 091, South Alanshire, MS 32420",2024-10-25
23,Francisco Rivera,joseph86@gmail.com,"9639 Simon Inlet, Lake David, ID 23345",2024-08-14
24,Allison Herrera,cynthiahoward@hotmail.com,"98003 Hogan Expressway Apt. 843, West Julia, NY 33432",2024-10-10
25,Marie Sullivan,newmanrachael@gmail.com,"Unit 7201 Box 2991, DPO AE 28075",2025-04-23
26,Rebecca Nguyen,richardsonvickie@garcia-johnson.org,"81597 Wallace Falls, Turnerside, DE 27021",2023-10-08
27,Nathaniel Pacheco,andrew18@williams.com,"PSC 9711, Box 9937, APO AP 83064",2023-08-05
28,Mary Campbell,nball@long.info,"5824 Boone Cliffs, Gabrielbury, ME 39647",2025-01-12
29,Joseph Watson,mgilbert@vaughn-jackson.biz,"86708 Jones Alley, North Scott, MN 92863",2023-10-15
30,Kristina Torres,powellalison@wallace.com,"Unit 4195 Box 4949, DPO AE 18911",2025-04-04
31,Marcus Rodriguez,robert43@sutton.com,"822 Patrick Harbors Suite 262, East Matthewfurt, UT 55404",2023-09-30
32,Marcus Cohen,wilsonkaylee@hotmail.com,"345 Robert Roads Apt. 702, Hillview, MS 81115",2024-04-12
33,Shane Nichols,fred97@horton.com,"4986 Jones Field Suite 110, Christensentown, CO 81992",2024-02-06
34,Matthew Robbins,lcastillo@gmail.com,"83892 Thornton Pine, West Patrickmouth, GA 49783",2025-03-07
35,Barbara Gibson,powellkristi@chavez-hernandez.com,"863 Harris Mission Apt. 494, Robertshire, GA 03385",2024-03-19
36,Travis Flores,jjohnson@velasquez.biz,"USCGC Barnett, FPO AP 10472",2025-02-10
37,Kristina Carson,frederick50@yahoo.com,"PSC 4108, Box 8901, APO AA 86951",2025-04-27
38,Victoria Armstrong,gparsons@gmail.com,"2168 Justin Plains, Randymouth, MN 05937",2025-03-21
39,Christine Hall,qsmith@yahoo.com,"1645 Amanda Greens Apt. 751, Port Codyside, AZ 34405",2023-07-30
40,John Smith,hjohnson@white.biz,"63098 Williams Passage Apt. 434, Fieldsbury, UT 31570",2023-08-28
41,Lisa Holmes,tyler04@acosta.biz,"6479 Thomas Prairie Apt. 454, Hopkinsside, SC 76224",2023-10-05
42,Kenneth Gutierrez,bwilliams@hopkins.com,"7169 William Springs, South Joshua, RI 54391",2024-05-17
43,Kaitlin Howard,cbaldwin@hotmail.com,"695 Morris Fields, Lake Cathyport, SD 02668",2023-11-02
44,Carrie Vargas,angela55@hotmail.com,"742 Jones Vista, South Emma, MO 79454",2024-04-13
45,Tracey Alvarez,kristen29@gmail.com,"65181 Brenda Village, Audreyfort, OR 11773",2024-07-27
46,Michael Delgado,riverarobin@cunningham.com,"483 Martin Forks, Port Katieview, OR 16025",2024-02-25
47,Kristy Garcia,eric68@hotmail.com,"1276 Allen Rue, East Sean, MS 97378",2024-06-29
48,Michelle Terrell,dale53@hotmail.com,"87427 Stuart Glens, Moralesview, HI 10583",2025-01-30
49,Diane Wright,lfrost@simpson-mason.com,"66006 Thomas Spring, Brittneychester, CT 99156",2025-02-13
50,Donald Lane,pevans@smith.com,"981 Donna Ranch Suite 863, New Shannonton, DE 27365",2024-09-30
51,Taylor Ryan,zgibson@yahoo.com,"551 Bruce Junctions, Gwendolynshire, WY 34480",2023-08-16
52,Lauren Marsh,aaronfry@yang.com,"1561 Castillo Squares Suite 478, Mikeshire, LA 23759",2024-08-02
53,Christopher Bray,reeddawn@gmail.com,"046 Sara Via Apt. 859, Port Kathymouth, MN 47767",2024-02-20
54,Courtney Jones,michaelsherman@parker.com,"05202 Brown Shoals Apt. 483, Mooreshire, UT 59736",2023-09-03
55,Melissa Edwards,zwillis@oconnor-johnson.com,"428 John Streets Suite 058, North Robert, MO 02098",2024-04-02
56,Deborah Williams,davidmaldonado@gonzalez.com,"060 Cox Locks Suite 047, North Nicholasshire, MA 88104",2024-03-15
57,Sharon Logan,wolfechelsea@hotmail.com,"60079 Charles Club, Ewingbury, NJ 42928",2024-10-03
58,Robert Thompson,sharpbryan@ibarra.com,"886 Chapman Isle, South Davidmouth, OR 59414",2024-02-07
59,Robert Houston,marysoto@christian.com,"326 Jacob Mills Apt. 576, New Megan, SC 58707",2024-09-29
60,Karen Gomez,currychloe@yahoo.com,"6779 Mathew Loaf, East Danielfurt, ME 89001",2024-01-29
61,Jeffery Hughes,johnsondavid@yahoo.com,"3476 Stephanie Shoals Suite 680, Port Timothy, ND 49702",2025-03-16
62,Rachel Anderson,lsilva@hotmail.com,"61066 Dennis Drive Suite 881, Weaverton, CT 42232",2023-10-19
63,Maria Frazier,sara60@yahoo.com,"USCGC Hicks, FPO AP 41171",2023-08-22
64,Kevin Rodriguez,gregory17@lewis-long.org,"432 Edward Forest, Lake Sarah, GA 38928",2024-02-29
65,John George,keith36@yahoo.com,"7182 Teresa Bypass, Alexanderfurt, OR 47964",2023-07-31
66,Danielle Clark,awashington@ruiz-torres.com,"52285 Smith Trafficway Apt. 208, Martinezchester, CO 32385",2024-10-24
67,Gary Vang,jennifer85@wright-wolfe.com,"476 Harold Overpass, North Ellenside, MI 62162",2023-09-15
68,Kiara Taylor,whernandez@hotmail.com,"3818 Taylor Bypass, Port Barbara, IN 16898",2023-12-31
69,Stephanie Edwards MD,walterwhite@yahoo.com,"PSC 5050, Box 8140, APO AA 75277",2025-02-05
70,Richard Kelley,yyoder@wilson.com,"241 Alexander Trace Apt. 725, West Christina, NC 22178",2023-08-05
71,Greg Watson,obrown@hotmail.com,"5565 Carpenter Knolls, Lake Jefferyview, NY 99380",2023-09-20
72,Michael Harris,francessanchez@gmail.com,"8623 Alice Tunnel, South Benjamin, VA 86377",2024-03-22
73,Elizabeth Little,samanthamoreno@gmail.com,"54668 Amy Highway Suite 581, New Brandon, VT 79758",2024-03-01
74,Maria Hampton,turnersteven@anderson-figueroa.com,"22340 Sharon Mall Suite 357, Chavezville, NM 92167",2023-05-20
75,Judith Wagner,carsonkevin@hotmail.com,"698 Adams Shoals, Seanmouth, MN 21443",2023-06-30
76,Roger Medina,jerome65@mccarthy.info,"63914 Douglas Locks, Colinville, OR 60400",2023-08-08
77,Corey Miller,edgarcastillo@hotmail.com,"5956 Adam Passage, New James, MS 01630",2024-05-22
78,Rose Washington,jwright@hernandez.biz,"714 Underwood Garden Suite 617, North Ryanborough, GA 29729",2024-09-03
79,Anthony Bowman,erikapadilla@parrish-navarro.com,"14397 Best Creek Suite 671, New Blakemouth, KS 63169",2025-01-04
80,Mr. Matthew Frost Jr.,taylorgordon@hotmail.com,"6000 Miller Skyway, New Sherriton, AK 50803",2023-12-05
81,Robert Durham,kevingonzales@perkins-blake.org,"58936 Natasha Center Apt. 495, South Patricia, RI 48456",2023-10-03
82,Ana Adams,harrisjohn@brown-robinson.com,"801 Harold Mills, Mezaport, OK 84907",2023-07-14
83,Diane Black,donovandillon@yahoo.com,"5259 Moore Fork, Lake Gary, NV 79917",2025-01-04
84,John Hartman,boyleann@johnson-singh.com,"54331 Shawn Highway, North Robin, WY 80831",2023-10-23
85,John Jackson,kimberly74@osborne.info,"802 Carlos Lake Apt. 277, North Dillon, NY 10995",2024-04-02
86,Laura Sanchez,adammcbride@hotmail.com,"455 Kimberly Ports Apt. 116, Markside, WI 79896",2023-10-22
87,Jeanette Taylor,qdavis@brooks-gomez.net,"079 Howard Loaf Suite 610, Williamsmouth, CA 49930",2024-11-20
88,Tyler Thompson,jsanchez@goodman.net,"7667 Potts Pines Apt. 497, Port Kellyside, OR 86804",2024-01-10
89,Michael Herrera,brent32@phillips.com,"2781 Cooper Spring, South Steven, PA 03642",2023-09-09
90,James Jones,dale18@gmail.com,"553 Douglas Summit, South Jesus, ME 89161",2023-06-22
91,Alicia Collins,bryantkelly@hotmail.com,"795 Alexandra Gateway Suite 311, Hernandezburgh, SD 46809",2024-06-22
92,Mr. Andrew Mcdaniel,watsoneric@hotmail.com,"839 Albert Hollow Suite 968, South Kyle, TN 46238",2023-12-22
93,Alyssa Campos,lesliemoon@yahoo.com,"689 Johnson Fork Apt. 579, Port Jamesside, WI 57646",2024-02-27
94,Mark Dominguez,gonzaleztheresa@hotmail.com,"Unit 1303 Box 5100, DPO AP 93873",2024-12-05
95,Michael Nunez,vazquezchristine@yahoo.com,"05885 Timothy Light, Millsberg, DC 03148",2023-08-10
96,Michelle Juarez,bryantlauren@taylor-mills.com,"5319 Kurt Pines, Lake Larry, AK 26966",2024-09-09
97,Edward Montgomery,fmarshall@robinson.com,"753 Martin Mountains, Johnchester, ID 71700",2024-04-21
98,Sara Wood,taylorclaudia@mcpherson.com,"PSC 6317, Box 4278, APO AP 26107",2024-06-30
99,Dana Graham,hodgesjulia@fox.com,"38959 Johnson Prairie Suite 023, Lake Elizabeth, MT 73871",2024-07-02
100,Kyle Wall,dmarquez@roberts.org,"06969 Stark Knolls Apt. 885, Samuelstad, UT 92381",2024-04-18
